{
  "dataset": "wine",
  "model": "LogisticRegression with StandardScaler",
  "accuracy": 0.9722222222222222,
  "classification_report": {
    "0": {
      "precision": 1.0,
      "recall": 1.0,
      "f1-score": 1.0,
      "support": 12.0
    },
    "1": {
      "precision": 0.9333333333333333,
      "recall": 1.0,
      "f1-score": 0.9655172413793104,
      "support": 14.0
    },
    "2": {
      "precision": 1.0,
      "recall": 0.9,
      "f1-score": 0.9473684210526315,
      "support": 10.0
    },
    "accuracy": 0.9722222222222222,
    "macro avg": {
      "precision": 0.9777777777777779,
      "recall": 0.9666666666666667,
      "f1-score": 0.9709618874773139,
      "support": 36.0
    },
    "weighted avg": {
      "precision": 0.974074074074074,
      "recall": 0.9722222222222222,
      "f1-score": 0.9719701552732407,
      "support": 36.0
    }
  }
}