{
  "dataset": "iris",
  "model": "LogisticRegression with StandardScaler",
  "accuracy": 0.9333333333333333,
  "target_names": [
    "setosa",
    "versicolor",
    "virginica"
  ],
  "classification_report": {
    "0": {
      "precision": 1.0,
      "recall": 1.0,
      "f1-score": 1.0,
      "support": 10.0
    },
    "1": {
      "precision": 0.9,
      "recall": 0.9,
      "f1-score": 0.9,
      "support": 10.0
    },
    "2": {
      "precision": 0.9,
      "recall": 0.9,
      "f1-score": 0.9,
      "support": 10.0
    },
    "accuracy": 0.9333333333333333,
    "macro avg": {
      "precision": 0.9333333333333332,
      "recall": 0.9333333333333332,
      "f1-score": 0.9333333333333332,
      "support": 30.0
    },
    "weighted avg": {
      "precision": 0.9333333333333333,
      "recall": 0.9333333333333333,
      "f1-score": 0.9333333333333333,
      "support": 30.0
    }
  }
}